{
    "timestamp": "2024-11-29 23:05:50",
    "mAP": 0.6535087719298245,
    "precision": 0.7338661441875547,
    "recall": 0.8486753460626022,
    "f1_score": 0.7871061930686576,
    "num_images_evaluated": 19,
    "ap_statistics": {
        "min": 0.0,
        "max": 1.0,
        "median": 0.5,
        "std": 0.27870727833889924,
        "percentiles": {
            "25": 0.5,
            "50": 0.5,
            "75": 0.9166666666666666,
            "90": 1.0,
            "95": 1.0
        }
    }
}