{
    "timestamp": "2024-11-29 22:06:52",
    "mAP": 0.5745614035087719,
    "precision": 0.649851303047277,
    "recall": 0.8099894626528779,
    "f1_score": 0.7211371543074871,
    "num_images_evaluated": 19,
    "ap_statistics": {
        "min": 0.0,
        "max": 1.0,
        "median": 0.5,
        "std": 0.28727233147040027,
        "percentiles": {
            "25": 0.5,
            "50": 0.5,
            "75": 0.8333333333333333,
            "90": 1.0,
            "95": 1.0
        }
    }
}